category_name,subCategory_name,item_type
Sanitaryware & Bath Fitting,Faucet & Drain,Angle Valve
Sanitaryware & Bath Fitting,Faucet & Drain,Bath Faucet
Sanitaryware & Bath Fitting,Faucet & Drain,Bottle Trap
Sanitaryware & Bath Fitting,Faucet & Drain,Handshower
Sanitaryware & Bath Fitting,Faucet & Drain,Health Faucet
Sanitaryware & Bath Fitting,Faucet & Drain,Sensor Tap
Sanitaryware & Bath Fitting,Faucet & Drain,Shower Faucet
Sanitaryware & Bath Fitting,Faucet & Drain,Stop Cock
Sanitaryware & Bath Fitting,Faucet & Drain,Wash Basin Faucet
Sanitaryware & Bath Fitting,Faucet & Drain,Floor Drain
Sanitaryware & Bath Fitting,Faucet & Drain,Flush Valve
Sanitaryware & Bath Fitting,Faucet & Drain,Touchless Faucet
Sanitaryware & Bath Fitting,Toilet/ Water Closet,Toilet Seat
Sanitaryware & Bath Fitting,Toilet/ Water Closet,Flushing Cistern
Sanitaryware & Bath Fitting,Toilet/ Water Closet,Wall Hung WC
Sanitaryware & Bath Fitting,Toilet/ Water Closet,One Piece WC
Sanitaryware & Bath Fitting,Toilet/ Water Closet,Two Piece WC
Sanitaryware & Bath Fitting,Toilet/ Water Closet,Toilet Tank
Sanitaryware & Bath Fitting,Wash Basin/ Sink,Counter Top Basin
Sanitaryware & Bath Fitting,Wash Basin/ Sink,Wall Mount Basin
Sanitaryware & Bath Fitting,Wash Basin/ Sink,Pedestal Basin
Sanitaryware & Bath Fitting,Wash Basin/ Sink,Under Counter Basin
Sanitaryware & Bath Fitting,Wash Basin/ Sink,Corner Basin
Sanitaryware & Bath Fitting,Wash Basin/ Sink,Hand Wash Station
Sanitaryware & Bath Fitting,Storage & Organiser,Hook
Sanitaryware & Bath Fitting,Storage & Organiser,Cabinet & Vanity Unit
Sanitaryware & Bath Fitting,Storage & Organiser,Shelve
Sanitaryware & Bath Fitting,Storage & Organiser,Towel Rack
Sanitaryware & Bath Fitting,Storage & Organiser,Towel Rail
Sanitaryware & Bath Fitting,Storage & Organiser,Towel Ring
Sanitaryware & Bath Fitting,Storage & Organiser,Heated Towel Rail
Sanitaryware & Bath Fitting,Storage & Organiser,Soap Dish
Sanitaryware & Bath Fitting,Storage & Organiser,Soap Dispenser
Sanitaryware & Bath Fitting,Storage & Organiser,Toothbrush Holder
Sanitaryware & Bath Fitting,Storage & Organiser,Toilet Paper Holder
Sanitaryware & Bath Fitting,Storage & Organiser,Waste Basket
Sanitaryware & Bath Fitting,Mirror,Mirror Demister
Sanitaryware & Bath Fitting,Mirror,Round Mirror
Sanitaryware & Bath Fitting,Mirror,Rectangular Mirror
Sanitaryware & Bath Fitting,Mirror,Square Mirror
Sanitaryware & Bath Fitting,Mirror,Storage Mirror
Sanitaryware & Bath Fitting,Mirror,Decorative Mirror
Sanitaryware & Bath Fitting,Shower,Shower Arm
Sanitaryware & Bath Fitting,Shower,Shower Tube
Sanitaryware & Bath Fitting,Shower,Shower System
Sanitaryware & Bath Fitting,Shower,Fixed Shower Head
Sanitaryware & Bath Fitting,Shower,Handheld Shower Head
Sanitaryware & Bath Fitting,Shower,Dual Shower Head
Sanitaryware & Bath Fitting,Shower,Shower Faucet
Sanitaryware & Bath Fitting,Shower,Shower Enclosure
Sanitaryware & Bath Fitting,Shower,Shower Curtain
Sanitaryware & Bath Fitting,Shower,Shower Curtain Rod
Sanitaryware & Bath Fitting,Shower,Shower Curtain Hook
Sanitaryware & Bath Fitting,Shower,Shower Door
Sanitaryware & Bath Fitting,Shower,Rain Shower Head
Sanitaryware & Bath Fitting,Bathroom Set,Storage Set
Sanitaryware & Bath Fitting,Bathroom Set,Shower Set
Sanitaryware & Bath Fitting,Bathroom Set,Hardware Set
Sanitaryware & Bath Fitting,Bathtub,Bathtub Accessory
Sanitaryware & Bath Fitting,Bathtub,Alcove Bathtub
Sanitaryware & Bath Fitting,Bathtub,Corner Bathtub
Sanitaryware & Bath Fitting,Bathtub,Drop-In Bathtub
Sanitaryware & Bath Fitting,Bathtub,Freestanding Bathtub
Sanitaryware & Bath Fitting,Bathtub,Walk-In Bathtub
Sanitaryware & Bath Fitting,Bathtub,Bathtub Mat
Sanitaryware & Bath Fitting,Urinal,Urinal Screen
Sanitaryware & Bath Fitting,Urinal,P Trap
Sanitaryware & Bath Fitting,Urinal,Sensor Valve
Sanitaryware & Bath Fitting,Urinal,Wall Mount
Sanitaryware & Bath Fitting,Urinal,Small Urinal
Sanitaryware & Bath Fitting,Equipment,Steam Generator
Sanitaryware & Bath Fitting,Equipment,Hand Dryer
Sanitaryware & Bath Fitting,Equipment,Radiant Panel Heater
Sanitaryware & Bath Fitting,Equipment,Heating Mat
Sanitaryware & Bath Fitting,Equipment,Geyser
Sanitaryware & Bath Fitting,Equipment,Exhaust
Sanitaryware & Bath Fitting,Equipment,Washing Machine
Sanitaryware & Bath Fitting,Bidet,Bidet Toilet Seat
Sanitaryware & Bath Fitting,Bidet,Bidet Attachment
Sanitaryware & Bath Fitting,Bidet,Bidet Faucet
Sanitaryware & Bath Fitting,Bidet,Bidet Toilet
Sanitaryware & Bath Fitting,Bidet,Bidet Sprayer
Sanitaryware & Bath Fitting,Bidet,Portable Bidet
Lighting,Ceiling Light,Flush Mount Light
Lighting,Ceiling Light,Semi Flush Mount Light
Lighting,Ceiling Light,Chandelier
Lighting,Ceiling Light,Pendant Light
Lighting,Ceiling Light,Recessed Light
Lighting,Ceiling Light,Track Light
Lighting,Ceiling Light,Island Light
Lighting,Ceiling Light,Puck Light
Lighting,Ceiling Light,LED Strip Light
Lighting,Ceiling Light,Panel & Downlight
Lighting,Ceiling Light,Spot Light
Lighting,Wall Light,Scone
Lighting,Wall Light,Can Light
Lighting,Wall Light,Tube Light
Lighting,Wall Light,Flood Light
Lighting,Wall Light,Vanity Light
Lighting,Wall Light,Night Light
Lighting,Wall Light,Decorative Light
Lighting,Bulb,Standard Bulb
Lighting,Bulb,Candle Bulb
Lighting,Bulb,Edison/ Filament Bulb
Lighting,Bulb,Daylight Bulb
Lighting,Bulb,LED Light Bulb
Lighting,Bulb,Smart Light Bulb
Lighting,Bulb,Tube Light Bulb
Lighting,Bulb,Incandescent Bulb
Lighting,Bulb,CFL Bulb
Lighting,Bulb,Halogen Bulb
Lighting,Bulb,Color Changing Light Bulb
Lighting,Bulb,HPSV Bulb
Lighting,Fan,Ceiling Fan with Light
Lighting,Fan,Outdoor Ceiling Fan
Lighting,Fan,Indoor Ceiling Fan
Lighting,Fan,Ceiling Fan with Remote
Lighting,Fan,Ceiling Fan Part
Lighting,Fan,Wall Mounted Fan
Lighting,Fan,Ceiling Mounted Fan
Lighting,Fan,Exhaust Fan
Lighting,Fan,Tower Fan
Lighting,Lamp,Table Lamp
Lighting,Lamp,Floor Lamp
Lighting,Lamp,Lamp Shade
Lighting,Lamp,Desk Lamp
Lighting,Lamp,Wall Lamp
Lighting,Lamp,Lamp Base
Lighting,Lamp,Lamp Set
Lighting,Cupboard Light,Under Cabinet Lighting
Lighting,Cupboard Light,LED Strip Light
Lighting,Cupboard Light,Puck Light
Lighting,Commercial Lighting,Shop Light
Lighting,Commercial Lighting,Strip Light Fixture
Lighting,Commercial Lighting,High Bay Light
Lighting,Commercial Lighting,Wraparound Light
Lighting,Commercial Lighting,Grow Light
Lighting,Commercial Lighting,Wall Pack
Lighting,Commercial Lighting,Troffer
Lighting,Commercial Lighting,Work Light
Lighting,Outdoor Lighting,Outdoor Wall Light
Lighting,Outdoor Lighting,Security Light
Lighting,Outdoor Lighting,Landscaping Light
Lighting,Outdoor Lighting,Ceiling Light
Lighting,Outdoor Lighting,Deck Light
Lighting,Outdoor Lighting,String Light
Lighting,Outdoor Lighting,Post Light
Lighting,Outdoor Lighting,Outdoor Lamp
Lighting,Outdoor Lighting,Outdoor Ceiling Light
Lighting,Outdoor Lighting,HPSV Lamp
Lighting,Flash Light,Handheld Flashlight
Lighting,Flash Light,Handsfree Flashlight
Lighting,Flash Light,Headlamp
Lighting,Flash Light,Lantern
Lighting,Flash Light,Pen Flashlight
Lighting,Flash Light,Keychain & Mini Flashlight
Lighting,Flash Light,Flashlight Bulb
Kitchen,Faucet,Tap
Kitchen,Faucet,One Handle Mixer
Kitchen,Faucet,Two Handle Mixer
Kitchen,Faucet,Touchless
Kitchen,Faucet,Pull Out/ Down / Pre Rinse
Kitchen,Sink,Drop-In
Kitchen,Sink,Undermount
Kitchen,Sink,Bar
Kitchen,Sink,Stainless Steel
Kitchen,Sink,Single Bowl
Kitchen,Sink,Doouble Bowl
Kitchen,Sink,Triple Bowl
Kitchen,Counter Splashback,Ceramic Tile
Kitchen,Counter Splashback,Vitrified Tile
Kitchen,Counter Splashback,Glazed Tile
Kitchen,Counter Splashback,Indian Marble
Kitchen,Counter Splashback,Indian Granite
Kitchen,Counter Splashback,Imported Marble
Kitchen,Counter Splashback,Imported Granite
Kitchen,Counter Splashback,Solid Surface
Kitchen,Counter Splashback,Tinted Glass
Kitchen,Counter Splashback,Quartz
Kitchen,Counter Splashback,Quartzite
Kitchen,Cabinet Structure,Commercial Ply
Kitchen,Cabinet Structure,Water Resistance/ Moisture Resistant Ply
Kitchen,Cabinet Structure,Boiling Water Resistant Ply
Kitchen,Cabinet Structure,Boiling Water Proof/ Marine Ply
Kitchen,Cabinet Structure,Commercial Board
Kitchen,Cabinet Structure,Water Resistance/ Moisture Resistant Board
Kitchen,Cabinet Structure,Boiling Water Resistant Board
Kitchen,Cabinet Structure,Boiling Water Proof/ Marine Board
Kitchen,Cabinet Structure,High Density WPC
Kitchen,Countertop,Granite
Kitchen,Countertop,Quartz
Kitchen,Countertop,Quartzite
Kitchen,Countertop,Marble
Kitchen,Countertop,Laminate
Kitchen,Countertop,Support Bracket
Kitchen,Countertop,Butcher Block
Kitchen,Countertop,Engineered Composite
Kitchen,Countertop,Solid Surface
Kitchen,Appliance,Refrigerator
Kitchen,Appliance,Coffee Machine
Kitchen,Appliance,Juicer
Kitchen,Appliance,Toaster
Kitchen,Appliance,Oven
Kitchen,Appliance,Microwave
Kitchen,Appliance,Mixer
Kitchen,Appliance,Deep Fryer
Kitchen,Appliance,Air Fryer
Kitchen,Appliance,Food Processor
Kitchen,Appliance,Cooktop/ Hob
Kitchen,Appliance,Electric Cooktop
Kitchen,Appliance,Chimney
Kitchen,Appliance,Dishwasher
Kitchen,Appliance,Water Purifier/ RO
Kitchen,Appliance,Insinkerator/ Garbage Grinder
Kitchen,Basket,General/ Multipurpose
Kitchen,Basket,Cutlery
Kitchen,Basket,Cup & Saucer
Kitchen,Basket,Plate
Kitchen,Basket,Bottle/ Detergent
Kitchen,Basket,Vertical Pantry/ Tall Unit
Kitchen,Basket,Temp. Controlled
Kitchen,Basket,Wall Mount 
Kitchen,Basket,Corner Unit
Kitchen,Basket,Dustbin
Kitchen,Basket,Pull Down 
Kitchen,Hinge,Traditional/ Classical
Kitchen,Hinge,Soft Close
Kitchen,Hinge,Adjustable Close
Kitchen,Hinge,Normal Close
Kitchen,Hinge,Push to Open
Kitchen,Hinge,Gas Lift/ Door Lift
Kitchen,Hinge,Special
Kitchen,Channel,Soft Close
Kitchen,Channel,Normal Close
Kitchen,Channel,Push to Open
Kitchen,Channel,Heavy Weight
Kitchen,Channel,Special
Kitchen,Handle,Extrusion Profile
Kitchen,Handle,Knobs
Kitchen,Handle,Regular 
Kitchen,Flooring,Ceramic Tile
Kitchen,Flooring,Vitrified Tile
Kitchen,Flooring,Glazed Tile
Kitchen,Flooring,Full Body Tile
Kitchen,Flooring,Indian Marble
Kitchen,Flooring,Indian Granite
Kitchen,Flooring,Imported Marble
Kitchen,Flooring,Imported Granite
Kitchen,Flooring,Kota Stone Flooring
Kitchen,Flooring,Travertine Floor
Kitchen,Flooring,Terrazo Floor
Kitchen,Flooring,Mosaic Floor
Kitchen,Flooring,Ipc/ Indian Patent Stone
Kitchen,Flooring,Exposed Concrete Floor
Kitchen,Flooring,Engineered Stone
Kitchen,Flooring,"Inlay Profile/ T Profile, L Profile, U Profile"
Kitchen,Wall Finish,Interior Paint
Kitchen,Wall Finish,Interior Texture
Kitchen,Wall Finish,Ceramic Tile
Kitchen,Wall Finish,Tinted Glass
Kitchen,Wall Finish,Vitrified Tile 
Kitchen,Wall Finish,Glazed Tile
Kitchen,Wall Finish,Stone Cladding
Kitchen,Wall Finish,Solid Surface
Kitchen,Wall Finish,SS Cladding
Kitchen,Wall Finish,Spacer
Kitchen,Wall Finish,Aluminium Profile
Kitchen,Wall Finish,Stainless Steel Profile
Kitchen,Wall Finish,Clamps
Kitchen,Lighting,Under Cabinet Lighting
Kitchen,Lighting,LED Strip Light
Kitchen,Lighting,Puck Light
Kitchen,Lighting,Panel & Downlight
Kitchen,Lighting,Spot Light
Kitchen,Fixing Accessories,OPC 43 Cement
Kitchen,Fixing Accessories,OPC53 Cement
Kitchen,Fixing Accessories,Sand
Kitchen,Fixing Accessories,Dust
Kitchen,Fixing Accessories,Epoxy Adhesive
Kitchen,Fixing Accessories,Tile Grout
Kitchen,Fixing Accessories,Stone Adhesive 
Kitchen,Fixing Accessories,Fevicol SH
Kitchen,Fixing Accessories,Fevicol PVC
Kitchen,Fixing Accessories,Screw
Kitchen,Fixing Accessories,Anchor
Kitchen,Fixing Accessories,Nail
Kitchen,Fixing Accessories,Bolt
Kitchen,Fixing Accessories,Nut
Kitchen,Fixing Accessories,Rope & Chain
Kitchen,Fixing Accessories,SS Fastener
Kitchen,Fixing Accessories,Magnet
Hardware,Cabinet,Pull Handle
Hardware,Cabinet,Knob
Hardware,Cabinet,Hinge
Hardware,Cabinet,Backplate
Hardware,Cabinet,Latch
Hardware,Cabinet,Handle
Hardware,Door,Electric Door Lock
Hardware,Door,Smart Door Lock
Hardware,Door,Door Deadbolt
Hardware,Door,Handle Set
Hardware,Door,Keyed Knob
Hardware,Door,Door Hinge
Hardware,Door,Door Bottom
Hardware,Door,Door Seal
Hardware,Door,Floor Spring
Hardware,Door,Door Stop & Buffer
Hardware,Door,Door Closer
Hardware,Door,Pivot System
Hardware,Door,Tower Bolt
Hardware,Door,Peephole
Hardware,Door,Door Stopper
Hardware,Door,Panic Bar
Hardware,Window,Handle
Hardware,Window,Lock & Latch
Hardware,Window,Security Bar
Hardware,Window,Screen
Hardware,Window,Spring
Hardware,Window,Hinge
Hardware,Fastener,Screw
Hardware,Fastener,Anchor
Hardware,Fastener,Nail
Hardware,Fastener,Bolt
Hardware,Fastener,Nut
Hardware,Fastener,Rope & Chain
Hardware,Fastener,Washer
Hardware,Fastener,Hook
Hardware,Fastener,SS Fastener
Hardware,Fastener,Magnet
Hardware,Fastener,Tie Down Strap
Hardware,Fastener,Clamp
Hardware,Fastener,Wall Plug
Hardware,Lock,Safe
Hardware,Lock,Padlock
Hardware,Lock,Lock Box
Hardware,Lock,Drawer Lock
Hardware,Tape,Foam Tape
Hardware,Tape,Double Sided Tape
Hardware,Tool,Drilling
Hardware,Tool,Fastening
Hardware,Tool,Grinding
Hardware,Tool,Spanner
Hardware,Tool,Chisel
Hardware,Tool,Cutting
Hardware,Tool,Screw Driver
Hardware,Tool,Hammer
Hardware,Tool,Metal Working
Hardware,Tool,Wood Working
Hardware,Tool,Wrench
Hardware,Tool,Concrete Drill
Hardware,Tool,Plier
Hardware,Tool,Set
Hardware,Tool,Measuring Tape
Hardware,Tool,Saw
Hardware,Tool,Blade
Hardware,Tool,File
Hardware,Tool,Scissor
Hardware,Furniture & Wardrobe,Handle & Knob
Hardware,Furniture & Wardrobe,Drawer Runner System
Hardware,Furniture & Wardrobe,Hinge
Hardware,Furniture & Wardrobe,Lock & Bolt
Hardware,Furniture & Wardrobe,Bed Lift Up
Hardware,Furniture & Wardrobe,Drawer Lock
Hardware,Basket,
Hardware,Hinge,Butt Hinge
Hardware,Hinge,Concealed Hinge
Hardware,Hinge,Piano Hinge
Hardware,Channel,
Hardware,Handle,
Hardware,Glass,Bracket
Hardware,Glass,Floor Spring
Hardware,Glass,Bolt
Hardware,Glass,Bracket
Hardware,Glass,Connector
Hardware,Glass,Glass Door Handle
Hardware,Glass,Glass Door Hinge
Hardware,Glass,Glass Door Lock
Hardware,Glass,Glass Door Rail
Hardware,Glass,Glass Door Roller
Hardware,Glass,Glass Door Seal
Hardware,Glass,Glass Sliding Fitting
Hardware,Glass,Glass Sliding System
Hardware,Glass,Glass Spider Fitting
Hardware,Glass,Glass Standoff
Hardware,Glass,Patch Fitting
Hardware,Glass,Shower Cubicle Fitting
Hardware,Glass,Shower Cubicle Handle
Hardware,Glass,Shower Hinge
Hardware,uPVC,Espag
Hardware,uPVC,Friction Stay
Hardware,uPVC,uPVC Door Handle
Hardware,uPVC,uPVC Door Hinge
Hardware,uPVC,uPVC Roller
Hardware,uPVC,uPVC Window Handle
Appliance & Equipment,Air Conditioner/ AC,VRV/ VRF
Appliance & Equipment,Air Conditioner/ AC,Split
Appliance & Equipment,Air Conditioner/ AC,Multi Split
Appliance & Equipment,Air Conditioner/ AC,Window
Appliance & Equipment,Air Conditioner/ AC,Portable
Appliance & Equipment,Air Conditioner/ AC,Ductless
Appliance & Equipment,Air Conditioner/ AC,Central
Appliance & Equipment,Air Conditioner/ AC,Cassette
Appliance & Equipment,Air Conditioner/ AC,Floor Mounted
Appliance & Equipment,Refrigerator,French Door
Appliance & Equipment,Refrigerator,Side by Side
Appliance & Equipment,Refrigerator,Top Freezer
Appliance & Equipment,Refrigerator,Mini
Appliance & Equipment,Refrigerator,Freezer
Appliance & Equipment,Refrigerator,Double Door
Appliance & Equipment,Refrigerator,Triple Door
Appliance & Equipment,Cleaning,Vaccum Cleaner
Appliance & Equipment,Cleaning,Carpet Cleaner
Appliance & Equipment,Cleaning,Hard Surface Cleaner
Appliance & Equipment,Cleaning,Robot Cleaner
Appliance & Equipment,Cleaning,Front Control Dishwasher
Appliance & Equipment,Cleaning,Top Control Dishwasher
Appliance & Equipment,Kitchen,Coffee Machine
Appliance & Equipment,Kitchen,Juicer
Appliance & Equipment,Kitchen,Toaster
Appliance & Equipment,Kitchen,Oven
Appliance & Equipment,Kitchen,Microwave
Appliance & Equipment,Kitchen,Mixer
Appliance & Equipment,Kitchen,Deep Fryer
Appliance & Equipment,Kitchen,Air Fryer
Appliance & Equipment,Kitchen,Food Processor
Appliance & Equipment,Kitchen,Cooktop/ Hobs
Appliance & Equipment,Kitchen,Electric Cooktop
Appliance & Equipment,Kitchen,Chimney
Appliance & Equipment,Kitchen,Water Purifier/ RO
Appliance & Equipment,Heating,Oil Filled Radiater/ OFR
Appliance & Equipment,Heating,Fan Heater
Appliance & Equipment,Heating,Halogen Heater
Appliance & Equipment,Heating,Heat Convector
Appliance & Equipment,Washer & Dryer,Top Load
Appliance & Equipment,Washer & Dryer,Front Load
Appliance & Equipment,Washer & Dryer,Semi Automatic
Appliance & Equipment,Washer & Dryer,Fully Automatic
Appliance & Equipment,Washer & Dryer,Dryer
Appliance & Equipment,Other,Television/ TV
Appliance & Equipment,Other,Cooler
Appliance & Equipment,Other,Fan
Appliance & Equipment,Other,Exhaust
Appliance & Equipment,Other,Air Purifier
Appliance & Equipment,Other,Dehumidifiers
Appliance & Equipment,Other,Humidifiers
Appliance & Equipment,Other,Geyser/ Water Heater
"Wire, Cable & Accessory",Wire/ Cable,Building Wire
"Wire, Cable & Accessory",Wire/ Cable,Submersible Cable
"Wire, Cable & Accessory",Wire/ Cable,LT Power Cable
"Wire, Cable & Accessory",Wire/ Cable,HT XLPE Cable
"Wire, Cable & Accessory",Wire/ Cable,HDMI Cable
"Wire, Cable & Accessory",Wire/ Cable,Solar DC Cable
"Wire, Cable & Accessory",Wire/ Cable,Welding Cable
"Wire, Cable & Accessory",Wire/ Cable,Control Cable
"Wire, Cable & Accessory",Wire/ Cable,Communication/ LV Cable
"Wire, Cable & Accessory",Wire/ Cable,Audio/ Video Cable
"Wire, Cable & Accessory",Wire/ Cable,CCTV Cable
"Wire, Cable & Accessory",Wire/ Cable,Coaxial Cable
"Wire, Cable & Accessory",Wire/ Cable,Telephone Cable
"Wire, Cable & Accessory",Wire/ Cable,Ethernet Cable/ LAN Cable
"Wire, Cable & Accessory",Wire/ Cable,Fibre Optical Cable
"Wire, Cable & Accessory",Wire/ Cable,Fire Survival Cable
"Wire, Cable & Accessory",Circuit Breaker & Panel,Main Breaker Panel
"Wire, Cable & Accessory",Circuit Breaker & Panel,Sub Panel
"Wire, Cable & Accessory",Circuit Breaker & Panel,Circuit Breaker
"Wire, Cable & Accessory",Circuit Breaker & Panel,Switch Gear
"Wire, Cable & Accessory",Circuit Breaker & Panel,Contactor
"Wire, Cable & Accessory",Circuit Breaker & Panel,Fuse
"Wire, Cable & Accessory",Circuit Breaker & Panel,Ground & Phase Protection Relay
"Wire, Cable & Accessory",Circuit Breaker & Panel,Electro Mechanical Relay
"Wire, Cable & Accessory",Circuit Breaker & Panel,Electronic Relay
"Wire, Cable & Accessory",Electrical Accessory,Switch/ Socket
"Wire, Cable & Accessory",Electrical Accessory,Dimmer
"Wire, Cable & Accessory",Electrical Accessory,Light Switch Plate
"Wire, Cable & Accessory",Electrical Accessory,Outlet Wall Plate
"Wire, Cable & Accessory",Electrical Accessory,Combination Plate
"Wire, Cable & Accessory",Electrical Accessory,Doorbell
"Wire, Cable & Accessory",Electrical Accessory,Industrial Switch
"Wire, Cable & Accessory",Electrical Accessory,Conduit Pipe
"Wire, Cable & Accessory",Electrical Accessory,Flexible Pipe 
"Wire, Cable & Accessory",Electrical Accessory,Thimble
"Wire, Cable & Accessory",Electrical Accessory,Fan Regulator
"Wire, Cable & Accessory",Electrical Accessory,Cable Tie
"Wire, Cable & Accessory",Electrical Accessory,Cable Management
"Wire, Cable & Accessory",Electrical Accessory,Extension Cord
"Wire, Cable & Accessory",Electrical Accessory,Surge Protector
"Wire, Cable & Accessory",Electrical Accessory,Power Strip
"Wire, Cable & Accessory",Electrical Accessory,Lamp Holder
"Wire, Cable & Accessory",Electrical Accessory,Distribution Board
"Wire, Cable & Accessory",Electrical Accessory,Power Distribution Board
"Wire, Cable & Accessory",Electrical Accessory,Plug Top
"Wire, Cable & Accessory",Electrical Accessory,Light Box
"Wire, Cable & Accessory",Electrical Accessory,Fan Box
"Wire, Cable & Accessory",Electrical Accessory,Junction Box
"Wire, Cable & Accessory",Electrical Accessory,Switch Box
"Wire, Cable & Accessory",Electrical Tool,Plier
"Wire, Cable & Accessory",Electrical Tool,Screwdriver & Nutdriver
"Wire, Cable & Accessory",Electrical Tool,Wire Stripper
"Wire, Cable & Accessory",Electrical Tool,Fishing Tool
"Wire, Cable & Accessory",Electrical Tool,Measuring Device
"Wire, Cable & Accessory",Electrical Tool,Labeling Machine
"Wire, Cable & Accessory",Electrical Tool,Tape Measure
"Wire, Cable & Accessory",Electrical Tool,Hammer
"Wire, Cable & Accessory",Electrical Tool,Torpedo Level
"Wire, Cable & Accessory",Electrical Tool,Torch 
"Wire, Cable & Accessory",Electrical Tool,Utility Knife
"Wire, Cable & Accessory",Electrical Tool,Wrenche
"Wire, Cable & Accessory",Electrical Tool,Cutting & Stripping Tool
"Wire, Cable & Accessory",Electrical Tool,Electrical Tape
"Wire, Cable & Accessory",Electrical Tool,Electrical Grease & Lubricant
"Wire, Cable & Accessory",Electrical Tool,Chisel
"Wire, Cable & Accessory",Electrical Tool,Air Blower
"Wire, Cable & Accessory",Electrical Tool,Angle Grinder
"Wire, Cable & Accessory",Electrical Tool,Caulking Gun
"Wire, Cable & Accessory",Electrical Tool,Chop Saw
"Wire, Cable & Accessory",Electrical Tool,Clamping Screw
"Wire, Cable & Accessory",Electrical Tool,Corded Jigsaw
"Wire, Cable & Accessory",Electrical Tool,Die Grinder
"Wire, Cable & Accessory",Electrical Tool,Drilling Machine
"Wire, Cable & Accessory",Electrical Tool,Heat Gun
"Wire, Cable & Accessory",Electrical Tool,Potters Wheel
"Wire, Cable & Accessory",Electrical Tool,Tile Cutter
"Wire, Cable & Accessory",Electrical Tool,Pressure Washer
"Wire, Cable & Accessory",Electrical Tool,Cutting Blade
"Wire, Cable & Accessory",Electrical Tool,Ladder
"Wire, Cable & Accessory",Electrical Tool,Crimping Tool
"Wire, Cable & Accessory",Electrical Tool,Engineers File
"Wire, Cable & Accessory",Electrical Tool,Flaring Tool
"Wire, Cable & Accessory",Electrical Tool,Hand Punch
"Wire, Cable & Accessory",Electrical Tool,Tube Expander Tool Kit
"Wire, Cable & Accessory",Electrical Tool,Wire Brush
"Wire, Cable & Accessory",Security,CCTV Camera 
"Wire, Cable & Accessory",Security,Doorbell Camera
"Wire, Cable & Accessory",Security,Alarm System
"Wire, Cable & Accessory",Security,Motion Detector
"Wire, Cable & Accessory",Security,Door & Window Alarm
"Wire, Cable & Accessory",Security,Fire Alarm System
"Wire, Cable & Accessory",Security,Burglary Alarm
"Wire, Cable & Accessory",Security,Intrusion Detection
"Wire, Cable & Accessory",Smart Home,Smart Lighting
"Wire, Cable & Accessory",Smart Home,Smart Home Security
"Wire, Cable & Accessory",Smart Home,Voice Assistant
"Wire, Cable & Accessory",Smart Home,Smart Lock
"Wire, Cable & Accessory",Smart Home,Smart Energy Management
"Wire, Cable & Accessory",Smart Home,Smart Appliance
"Wire, Cable & Accessory",Smart Home,Smart Kitchen & Bath
Wall & Ceiling Finish,"Paint, Stain, Laquer & Applicator",Enamel Paint
Wall & Ceiling Finish,"Paint, Stain, Laquer & Applicator",Distemper Paint
Wall & Ceiling Finish,"Paint, Stain, Laquer & Applicator",Interior Paint
Wall & Ceiling Finish,"Paint, Stain, Laquer & Applicator",Exterior  Paint
Wall & Ceiling Finish,"Paint, Stain, Laquer & Applicator",Interior Texture
Wall & Ceiling Finish,"Paint, Stain, Laquer & Applicator",Exterior Texture
Wall & Ceiling Finish,"Paint, Stain, Laquer & Applicator",Concrete Paint
Wall & Ceiling Finish,"Paint, Stain, Laquer & Applicator",Exterior Stain & Sealer
Wall & Ceiling Finish,"Paint, Stain, Laquer & Applicator",Spray Paint
Wall & Ceiling Finish,"Paint, Stain, Laquer & Applicator",Interior Wood Stain & Finish
Wall & Ceiling Finish,"Paint, Stain, Laquer & Applicator",Craft & Art Supply
Wall & Ceiling Finish,"Paint, Stain, Laquer & Applicator",Paint Sprayer & Applicator
Wall & Ceiling Finish,"Paint, Stain, Laquer & Applicator",Polyurethane Paint/ PU
Wall & Ceiling Finish,"Paint, Stain, Laquer & Applicator",Duco Paint
Wall & Ceiling Finish,"Putty, Primer & Filler",Wall Putty
Wall & Ceiling Finish,"Putty, Primer & Filler",Wood Putty
Wall & Ceiling Finish,"Putty, Primer & Filler",Metal Putty
Wall & Ceiling Finish,"Putty, Primer & Filler",Water Based Primer
Wall & Ceiling Finish,"Putty, Primer & Filler",Oil Based Primer
Wall & Ceiling Finish,"Putty, Primer & Filler",Wall Crack Filler
Wall & Ceiling Finish,"Putty, Primer & Filler",Stone Crack Filler
Wall & Ceiling Finish,False Ceiling,Gypsum Board/ Plasterboard 
Wall & Ceiling Finish,False Ceiling,Calcium Silicate Board
Wall & Ceiling Finish,False Ceiling,Bison Board
Wall & Ceiling Finish,False Ceiling,Cement Fibre Board
Wall & Ceiling Finish,False Ceiling,Gi Frame Section
Wall & Ceiling Finish,False Ceiling,Aluminium Frame Section
Wall & Ceiling Finish,False Ceiling,Fastener
Wall & Ceiling Finish,False Ceiling,Jointing Tape
Wall & Ceiling Finish,False Ceiling,Jointing Compound
Wall & Ceiling Finish,False Ceiling,Chicken Mesh
Wall & Ceiling Finish,False Ceiling,Gypsum Powder/ Pop/ Plaster Of Paris
Wall & Ceiling Finish,False Ceiling,Suspending Cables
Wall & Ceiling Finish,False Ceiling,Aluminium Grid Section
Wall & Ceiling Finish,False Ceiling,Mineral Fibre Tile
Wall & Ceiling Finish,False Ceiling,Stretch Ceiling Frame
Wall & Ceiling Finish,False Ceiling,Stretch Ceiling Fabric
Wall & Ceiling Finish,False Ceiling,Metal Tile & Baffle
Wall & Ceiling Finish,False Ceiling,Acoustic Baffle Panel
Wall & Ceiling Finish,False Ceiling,Rockwool & Glasswool
Wall & Ceiling Finish,False Ceiling,Nitrile Insulation
Wall & Ceiling Finish,False Ceiling,Spray Insulation
Wall & Ceiling Finish,Wall Paper,Vinyl Based/ Washable
Wall & Ceiling Finish,Wall Paper,Paper Based
Wall & Ceiling Finish,Wall Paper,Vinyl Woven
Wall & Ceiling Finish,Wall Paper,Foil Embossed/ Metallic
Wall & Ceiling Finish,Wall Paper,Wallpaper Glue
Wall & Ceiling Finish,Wall Paper,Planer
Wall & Ceiling Finish,Wall Panel & Cladding,PVC Panel/ Sheet
Wall & Ceiling Finish,Wall Panel & Cladding,Cement Fibre Panel/ Cladding
Wall & Ceiling Finish,Wall Panel & Cladding,Bison Board Panel
Wall & Ceiling Finish,Wall Panel & Cladding,Texture Panel
Wall & Ceiling Finish,Wall Panel & Cladding,Coloured Glass
Wall & Ceiling Finish,Wall Panel & Cladding,Stone Cladding
Wall & Ceiling Finish,Wall Panel & Cladding,Zinc Composite Panel
Wall & Ceiling Finish,Wall Panel & Cladding,Aluminium Cladding
Wall & Ceiling Finish,Wall Panel & Cladding,Wooden Cladding
Wall & Ceiling Finish,Wall Panel & Cladding,High Pressure Laminate/ Hpl
Wall & Ceiling Finish,Wall Panel & Cladding,Cermaic/ Porcelain
Wall & Ceiling Finish,Wall Panel & Cladding,Terracota
Wall & Ceiling Finish,Wall Panel & Cladding,Aluminium Composite Panel
Wall & Ceiling Finish,Wall Panel & Cladding,3D Wall Panel
Wall & Ceiling Finish,Wall Panel & Cladding,WPC Wall Panel
Wall & Ceiling Finish,Wall Panel & Cladding,Solid Surface
Wall & Ceiling Finish,Wall Panel & Cladding,SS Cladding
Wall & Ceiling Finish,Wall Panel & Cladding,Clamps
Wall & Ceiling Finish,Tile,Ceramic Tile
Wall & Ceiling Finish,Tile,Vitrified Tile 
Wall & Ceiling Finish,Tile,Glazed Tile
Wall & Ceiling Finish,Tile,Full Body Tile
Wall & Ceiling Finish,Tile,Exterior Wall Tile
Wall & Ceiling Finish,Tile,Exterior Floor Tile
Wall & Ceiling Finish,Groove & Spacer Profile,Spacer
Wall & Ceiling Finish,Groove & Spacer Profile,Aluminium Profile
Wall & Ceiling Finish,Groove & Spacer Profile,Stainless Steel Profile
Flooring,Tile Flooring,Ceramic Tile
Flooring,Tile Flooring,Vitrified Tile
Flooring,Tile Flooring,Glazed Tile
Flooring,Tile Flooring,Full Body Tile
Flooring,Tile Flooring,Car Parking Tile
Flooring,Tile Flooring,China Mosaic Floor
Flooring,Tile Flooring,Utility Area Tile
Flooring,Tile Flooring,Vct Tile/ Vinyl Composite Tile
Flooring,Wood & Wooden Finish,Stone Plastic Composite
Flooring,Wood & Wooden Finish,Luxury Vinyl Tile
Flooring,Wood & Wooden Finish,Pvc Floor Panel
Flooring,Wood & Wooden Finish,Laminated Floor Panel
Flooring,Wood & Wooden Finish,Hardwood Floor
Flooring,Wood & Wooden Finish,Engineered Wood Panel
Flooring,Wood & Wooden Finish,Vinyl Plank
Flooring,Stone & Concrete Flooring,Indian Marble
Flooring,Stone & Concrete Flooring,Indian Granite
Flooring,Stone & Concrete Flooring,Imported Marble
Flooring,Stone & Concrete Flooring,Imported Granite
Flooring,Stone & Concrete Flooring,Kota Stone Flooring
Flooring,Stone & Concrete Flooring,Travertine Floor
Flooring,Stone & Concrete Flooring,Terrazo Floor
Flooring,Stone & Concrete Flooring,Mosaic Floor
Flooring,Stone & Concrete Flooring,Ipc/ Indian Patent Stone
Flooring,Stone & Concrete Flooring,Exposed Concrete Floor
Flooring,Stone & Concrete Flooring,Engineered Stone
Flooring,Carpet Flooring,Modular Tile
Flooring,Carpet Flooring,Carpet Roll
Flooring,Other Flooring,Vinyl Floor
Flooring,Other Flooring,Sports Floor
Flooring,Other Flooring,Epdm Floor
Flooring,Other Flooring,Rubber Floor
Flooring,Other Flooring,Garrage Floor
Flooring,Other Flooring,Gym Floor
Flooring,Other Flooring,Artificial Grass
Flooring,Other Flooring,Floor Adhesive
Flooring,Other Flooring,Crack Filler
Flooring,Feature Floor,Waterproof Floor
Flooring,Feature Floor,Stain Resistant Floor
Flooring,Feature Floor,Scratch Resistant Floor/ Pet Friendly
Flooring,Feature Floor,Slip Resistant Floor
Flooring,Feature Floor,Peel & Stick
Flooring,Profile,"Inlay Profile/ T Profile, L Profile, U Profile"
Flooring,Profile,Alumimium Transition Strip
Flooring,Profile,Stainless Steel Transition Strip
Flooring,Profile,Wood/ Mdf Transition Strip
"Wood Product, Plywood & Laminate",Plywood,Commercial Ply
"Wood Product, Plywood & Laminate",Plywood,Water Resistance/ Moisture Resistant Ply
"Wood Product, Plywood & Laminate",Plywood,Boiling Water Resistant Ply
"Wood Product, Plywood & Laminate",Plywood,Boiling Water Proof/ Marine Ply
"Wood Product, Plywood & Laminate",Plywood,Shuttering Ply
"Wood Product, Plywood & Laminate",Circuit Breaker & Panel,Flush Door Board
"Wood Product, Plywood & Laminate",Circuit Breaker & Panel,Commercial Board
"Wood Product, Plywood & Laminate",Circuit Breaker & Panel,Water Resistance/ Moisture Resistant Board
"Wood Product, Plywood & Laminate",Circuit Breaker & Panel,Boiling Water Resistant Board
"Wood Product, Plywood & Laminate",Circuit Breaker & Panel,Boiling Water Proof/ Marine Board
"Wood Product, Plywood & Laminate",WPC Board,Low Density WPC
"Wood Product, Plywood & Laminate",WPC Board,Medium Density WPC
"Wood Product, Plywood & Laminate",WPC Board,High Density WPC
"Wood Product, Plywood & Laminate",Veneer,Paper Veneer
"Wood Product, Plywood & Laminate",Veneer,Indian Wood Veneer
"Wood Product, Plywood & Laminate",Veneer,Imported Wood Veneer
"Wood Product, Plywood & Laminate",Laminate,High Gloss Laminate
"Wood Product, Plywood & Laminate",Laminate,Unicore Laminate
"Wood Product, Plywood & Laminate",Laminate,"Fingerprint, Dust & Stain Resistant Laminate"
"Wood Product, Plywood & Laminate",Laminate,Matte Laminate
"Wood Product, Plywood & Laminate",Laminate,Metallic Finish Laminate
"Wood Product, Plywood & Laminate",Laminate,Digital Printed Laminate
"Wood Product, Plywood & Laminate",Laminate,High Pressure Laminate/ Hpl
"Wood Product, Plywood & Laminate",Others,MDF/ Medium Density Fibre Board
"Wood Product, Plywood & Laminate",Others,HDF/ HDHMR/ High Density Fibre Board
"Wood Product, Plywood & Laminate",Others,Edge Banding/ Binding
"Wood Product, Plywood & Laminate",Wood/ Timber,Wood Plank
"Wood Product, Plywood & Laminate",Wood/ Timber,Wood Section
"Wood Product, Plywood & Laminate",Wood/ Timber,Pressure Treated Lumber
"Wood Product, Plywood & Laminate",Wood/ Timber,Dimensional Lumber
"Wood Product, Plywood & Laminate",Decking,Decking Board
"Wood Product, Plywood & Laminate",Decking,Composite Decking
"Wood Product, Plywood & Laminate",Decking,Wood Decking
"Wood Product, Plywood & Laminate",Decking,Deck Railing
"Wood Product, Plywood & Laminate",Moulding & Millwork,Moulding
"Wood Product, Plywood & Laminate",Moulding & Millwork,Baseboard
"Wood Product, Plywood & Laminate",Moulding & Millwork,Stair Part
Door and Window,Door,Single Door
Door and Window,Door,Double Door
Door and Window,Door,Folding Door
Door and Window,Door,Sliding Door
Door and Window,Door,Swinging Door
Door and Window,Door,Revolving Door
Door and Window,Door,Rolling Shutter Door
Door and Window,Door,Collapsible Door
Door and Window,Door,Pivot Door
Door and Window,Door,Arched Door
Door and Window,Door Frame,
Door and Window,Threshold,
Door and Window,Window,Standard Window
Door and Window,Window,Fixed Window
Door and Window,Window,Sliding Window
Door and Window,Window,Hung Window
Door and Window,Window,Pivot Window
Door and Window,Window,Casement Window
Door and Window,Window,Arched Window
Door and Window,Window,Awning Window
Door and Window,Window,Bay Window
Door and Window,Window,Clerestory Window
Door and Window,Window,Ventilator
Door and Window,Window Frame,
Door and Window,Skylight,
"Pipe, Plumbing & Fitting",Pipe,Pe/ Hdpe Pipe/ Ldpe
"Pipe, Plumbing & Fitting",Pipe,Upvc/ Pvc/ Cpvc Pipe
"Pipe, Plumbing & Fitting",Pipe,Pp Pipe
"Pipe, Plumbing & Fitting",Pipe,Reinforced Thermoplastic Pipe/ Rtp
"Pipe, Plumbing & Fitting",Pipe,Abs Pipe
"Pipe, Plumbing & Fitting",Pipe,Composite Pipe Like Gre/ Grp/ Frp Pipe
"Pipe, Plumbing & Fitting",Pipe,Cement & Asbestos Cement Pipe
"Pipe, Plumbing & Fitting",Pipe,Gi Pipe
"Pipe, Plumbing & Fitting",Pipe,Cast Iron Pipe
"Pipe, Plumbing & Fitting",Pipe,Galvanized Steel Pipe
"Pipe, Plumbing & Fitting",Pipe,Galvanized Iron Pipe
"Pipe, Plumbing & Fitting",Fitting,Elbow
"Pipe, Plumbing & Fitting",Fitting,Reducer
"Pipe, Plumbing & Fitting",Fitting,Tee Type
"Pipe, Plumbing & Fitting",Fitting,Cross Type
"Pipe, Plumbing & Fitting",Fitting,Coupling
"Pipe, Plumbing & Fitting",Fitting,Unions
"Pipe, Plumbing & Fitting",Fitting,Adaptor
"Pipe, Plumbing & Fitting",Fitting,Olet
"Pipe, Plumbing & Fitting",Fitting,Trap & Flange Fitting
"Pipe, Plumbing & Fitting",Fitting,"Cap, Plug & Nipple Fitting"
"Pipe, Plumbing & Fitting",Fitting,Valve
"Pipe, Plumbing & Fitting",Fitting,Connection Method
"Pipe, Plumbing & Fitting",Fitting,Barb Fittings
"Pipe, Plumbing & Fitting",Fitting,Bushing Fitting
"Pipe, Plumbing & Fitting",Fitting,Double Tapped Bushing
"Pipe, Plumbing & Fitting",Fitting,Mechanical Sleeve
"Pipe, Plumbing & Fitting",Fitting,Wye Fitting
"Pipe, Plumbing & Fitting",Material for Fittings,Cpvc
"Pipe, Plumbing & Fitting",Material for Fittings,Brass/ Galvanized
"Pipe, Plumbing & Fitting",Material for Fittings,Pvc Fitting
"Pipe, Plumbing & Fitting",Material for Fittings,Copper Fitting
"Pipe, Plumbing & Fitting",Adhesive,Engineers Blue Paste
"Pipe, Plumbing & Fitting",Adhesive,Epoxy Adhesive
"Pipe, Plumbing & Fitting",Adhesive,Synthetic Gum
"Pipe, Plumbing & Fitting",Adhesive,Backer Rod
"Pipe, Plumbing & Fitting",Adhesive,Adhesive Strip
"Pipe, Plumbing & Fitting",Adhesive,Spray Adhesive 
"Pipe, Plumbing & Fitting",Adhesive,Stone Adhesive 
"Pipe, Plumbing & Fitting",Adhesive,Synthetic Resin Adhesive
"Pipe, Plumbing & Fitting",Adhesive,Cpvc Solvent
"Pipe, Plumbing & Fitting",Adhesive,Heat Proof
"Pipe, Plumbing & Fitting",Adhesive,High Heat Resistant
"Pipe, Plumbing & Fitting",Adhesive,Pvc Solvent
"Pipe, Plumbing & Fitting",Adhesive,Superior Water Resistant
"Pipe, Plumbing & Fitting",Adhesive,Synthetic Resin Adhesive
"Pipe, Plumbing & Fitting",Adhesive,Synthetic Rubber
"Pipe, Plumbing & Fitting",Adhesive,Tile Grout
"Pipe, Plumbing & Fitting",Adhesive,Upvc Solvent
"Pipe, Plumbing & Fitting",Adhesive,Waterproof
"Pipe, Plumbing & Fitting",Sealant,Acetoxy Silicone Sealant
"Pipe, Plumbing & Fitting",Sealant,Acrylic Sealant
"Pipe, Plumbing & Fitting",Sealant,Bonding Sealant
"Pipe, Plumbing & Fitting",Sealant,Clear Gap Filling Sealant
"Pipe, Plumbing & Fitting",Sealant,Gap Filling Sealant
"Pipe, Plumbing & Fitting",Sealant,Hvac Duct Sealant
"Pipe, Plumbing & Fitting",Sealant,Hybrid Sealant
"Pipe, Plumbing & Fitting",Sealant,Ms Polymer
"Pipe, Plumbing & Fitting",Sealant,Polysulphide Sealant
"Pipe, Plumbing & Fitting",Sealant,Primer
"Pipe, Plumbing & Fitting",Sealant,Silicone Sealant
"Pipe, Plumbing & Fitting",Waterproofing Material & Additative,Acrylic
"Pipe, Plumbing & Fitting",Waterproofing Material & Additative,"Acrylic Based Polymer Coating, Bitumen Membrane"
"Pipe, Plumbing & Fitting",Waterproofing Material & Additative,Acrylic Emulsion Polymer
"Pipe, Plumbing & Fitting",Waterproofing Material & Additative,Bond Coat For Old & New Concrete
"Pipe, Plumbing & Fitting",Waterproofing Material & Additative,Cementous Coating for Wet Area Water Proofing
"Pipe, Plumbing & Fitting",Waterproofing Material & Additative,Chemical Waterproofing
"Pipe, Plumbing & Fitting",Waterproofing Material & Additative,Complementing the Cement Paste
"Pipe, Plumbing & Fitting",Waterproofing Material & Additative,Concrete Admixure
"Pipe, Plumbing & Fitting",Waterproofing Material & Additative,Corrosion Protection
"Pipe, Plumbing & Fitting",Waterproofing Material & Additative,Crack Filler
"Pipe, Plumbing & Fitting",Waterproofing Material & Additative,Crack Filling
"Pipe, Plumbing & Fitting",Waterproofing Material & Additative,Elastomeric Water Proofing Coating
"Pipe, Plumbing & Fitting",Waterproofing Material & Additative,Emulsified Thixotropic Bitumen Protective Coating
"Pipe, Plumbing & Fitting",Waterproofing Material & Additative,Liquid Applied Jointfree Waterproofing Membrane
"Pipe, Plumbing & Fitting",Waterproofing Material & Additative,Liquid Water Proofing Compound
"Pipe, Plumbing & Fitting",Waterproofing Material & Additative,Polymeric Waterproofing Solution
"Pipe, Plumbing & Fitting",Waterproofing Material & Additative,Polyurethane Polymer
"Pipe, Plumbing & Fitting",Waterproofing Material & Additative,Powder-Water Proofing Admixture
"Pipe, Plumbing & Fitting",Waterproofing Material & Additative,Ready To Use Bonding Agent
"Pipe, Plumbing & Fitting",Waterproofing Material & Additative,Styrene Butadiene Latex
"Pipe, Plumbing & Fitting",Waterproofing Material & Additative,Tile Grout
"Pipe, Plumbing & Fitting",Waterproofing Material & Additative,Water Barrier to Concrete & Masonry Surface
"Pipe, Plumbing & Fitting",Waterproofing Material & Additative,Water Based Primer
"Pipe, Plumbing & Fitting",Waterproofing Material & Additative,Wood Adhesive
"Cement, Steel & Brick",Cement,OPC 43 Cement
"Cement, Steel & Brick",Cement,OPC53 Cement
"Cement, Steel & Brick",Cement,PPC Cement
"Cement, Steel & Brick",Cement,Fly Ash Cement
"Cement, Steel & Brick",Steel,Fe250
"Cement, Steel & Brick",Steel,Fe 450
"Cement, Steel & Brick",Steel,Fe 500
"Cement, Steel & Brick",Steel,Fe 550D
"Cement, Steel & Brick",Brick,Red Brick
"Cement, Steel & Brick",Brick,Fly Ash Brick
"Cement, Steel & Brick",Brick,Aac Block
"Cement, Steel & Brick",Brick,Wire Cut Brick
"Cement, Steel & Brick",Brick,Concrete Block
"Cement, Steel & Brick",Brick,Cinder Block
"Cement, Steel & Brick",Aggregate,Stone
"Cement, Steel & Brick",Aggregate,Sand
"Cement, Steel & Brick",Aggregate,Dust
"Cement, Steel & Brick",Premix,Stucco Mix
"Cement, Steel & Brick",Premix,Concrete Mix
"Cement, Steel & Brick",Premix,Mortar Mix
"Cement, Steel & Brick",Premix,Decoraticve Concrete
"Cement, Steel & Brick",Premix,Concrete Tool
"Cement, Steel & Brick",Premix,Asphalt Repair
"Cement, Steel & Brick",Premix,Concrete Repair
Blind and Window Treatment,Blind,Wood Blind
Blind and Window Treatment,Blind,Faux Wood Blind
Blind and Window Treatment,Blind,Cordless Blind
Blind and Window Treatment,Blind,Aluminum Mini Blind
Blind and Window Treatment,Blind,Vinyl Mini Blind
Blind and Window Treatment,Blind,Vertical Blind
Blind and Window Treatment,Blind,Panel Track Blind
Blind and Window Treatment,Blind,Blind Parts
Blind and Window Treatment,Shade,Cellular Shade
Blind and Window Treatment,Shade,Roller Shade
Blind and Window Treatment,Shade,Cordless Shade
Blind and Window Treatment,Shade,Motorized Shade
Blind and Window Treatment,Shade,Bamboo Shade
Blind and Window Treatment,Shade,Roman Shade
Blind and Window Treatment,Shade,Outdoor Shade
Blind and Window Treatment,Shade,Solar Shade
Blind and Window Treatment,Shade,Vertical Shade
Blind and Window Treatment,Shade,Sheer Shade
Blind and Window Treatment,Shade,Pleated Shade
Blind and Window Treatment,Shade,Temporary Shade
Blind and Window Treatment,Shade,Skylight Shade
Blind and Window Treatment,Curtain & Curtain Hardware,Blackout Curtain
Blind and Window Treatment,Curtain & Curtain Hardware,Room Darkening Curtain
Blind and Window Treatment,Curtain & Curtain Hardware,Sheer Curtain
Blind and Window Treatment,Curtain & Curtain Hardware,Curtains Rod
Blind and Window Treatment,Curtain & Curtain Hardware,Curtain Bracket
Blind and Window Treatment,Curtain & Curtain Hardware,Curtain Hardware
Blind and Window Treatment,Curtain & Curtain Hardware,Valance & Window Scarve
Blind and Window Treatment,Plantation Shutter,Faux Wood Shutter
Blind and Window Treatment,Plantation Shutter,Wood Shutter
Blind and Window Treatment,Window Film,Decorative
Blind and Window Treatment,Window Film,Tinted/ Privacy
Blind and Window Treatment,Curtain & Drape,Blackout
Blind and Window Treatment,Curtain & Drape,Room Darkening
Blind and Window Treatment,Curtain & Drape,Light Filtering
Blind and Window Treatment,Curtain & Drape,Sheer
Blind and Window Treatment,Curtain Rod & Hardware,Single
Blind and Window Treatment,Curtain Rod & Hardware,Double
Blind and Window Treatment,Curtain Rod & Hardware,Traverse
Blind and Window Treatment,Curtain Rod & Hardware,Tension
Blind and Window Treatment,Window Scarve & Valance,Valance
Blind and Window Treatment,Window Scarve & Valance,Scarve
Cleaning,Waste Bin & Bag,Recycling Bin
Cleaning,Waste Bin & Bag,Waste Paper & Pedal Bin
Cleaning,Waste Bin & Bag,Bathroom Bin
Cleaning,Waste Bin & Bag,Bin Bag & Liner
Cleaning,Dishwashing Accessory,Dish Drainer & Drying Rack
Cleaning,Dishwashing Accessory,Sink Accessory
Cleaning,Dishwashing Accessory,Dish Cloth & Sponge
Cleaning,Dishwashing Accessory,Dish Brush
Cleaning,Dishwashing Accessory,Kitchen Soap Dispenser
Cleaning,Laundry Cabinet & Shelving,
Cleaning,Laundry Basket,
Cleaning,Laundry Accessory,
Cleaning,Cleaning Accessory,
Cleaning,Drying Rack,
Cleaning,Ironing Board,
Décor and Furniture,Home Accent,Throw Blanket
Décor and Furniture,Home Accent,Throw Pillow
Décor and Furniture,Home Accent,Storage Basket
Décor and Furniture,Home Accent,Magazone Rack
Décor and Furniture,Home Accent,Picture Frame
Décor and Furniture,Home Accent,Candle
Décor and Furniture,Home Accent,Artificial Greenery
Décor and Furniture,Home Accent,Room Divider
Décor and Furniture,Home Accent,Clock
Décor and Furniture,Home Accent,Sculpture
Décor and Furniture,Home Accent,Bookend
Décor and Furniture,Home Accent,Vase
Décor and Furniture,Home Accent,Globe
Décor and Furniture,Home Accent,Umbrella Holder
Décor and Furniture,Home Accent,Coat Rack
Décor and Furniture,Home Accent,Luggage & Travel
Décor and Furniture,Wall Décor,Wall Decal
Décor and Furniture,Wall Décor,Wall Mural
Décor and Furniture,Wall Décor,Wall Stencil
Décor and Furniture,Wall Décor,Art Print & Painting
Décor and Furniture,Wall Décor,Shelve
Décor and Furniture,Wall Décor,Memo Board
Décor and Furniture,Wall Décor,Wall Panelling
Décor and Furniture,Wall Décor,Mirror
Décor and Furniture,Wall Décor,Wallpaper
Décor and Furniture,Bed & Bath,Bed Pillow
Décor and Furniture,Bed & Bath,Bed Sheet
Décor and Furniture,Bed & Bath,Bed Skirt
Décor and Furniture,Bed & Bath,Blanket
Décor and Furniture,Bed & Bath,Comforter
Décor and Furniture,Bed & Bath,Duvet
Décor and Furniture,Bed & Bath,Mattress
Décor and Furniture,Bed & Bath,Quilt
Décor and Furniture,Bed & Bath,Bath Towel
Décor and Furniture,Bed & Bath,Bath Rug & Mat
Décor and Furniture,Bed & Bath,Shower Curtain
Décor and Furniture,Bed & Bath,Bed
Décor and Furniture,Bed & Bath,Headboard
Décor and Furniture,Bed & Bath,Bunk Bed
Décor and Furniture,Bed & Bath,Toddler Bed
Décor and Furniture,Bed & Bath,Toddler Mattress
Décor and Furniture,Seating & Sofa,Sofa
Décor and Furniture,Seating & Sofa,Sofa Bed
Décor and Furniture,Seating & Sofa,Sectional
Décor and Furniture,Seating & Sofa,Chair
Décor and Furniture,Seating & Sofa,Recliner
Décor and Furniture,Seating & Sofa,Massage Chair
Décor and Furniture,Seating & Sofa,Living Room Set
Décor and Furniture,Seating & Sofa,Ottoman
Décor and Furniture,Seating & Sofa,Pouf
Décor and Furniture,Seating & Sofa,Bar Stool
Décor and Furniture,Seating & Sofa,Dining Chair
Décor and Furniture,Seating & Sofa,Dining Bench
Décor and Furniture,Seating & Sofa,Foldable Chair & Table
Décor and Furniture,Seating & Sofa,Office Chair
Décor and Furniture,Seating & Sofa,Entryway Bench
Décor and Furniture,Seating & Sofa,Rocker
Décor and Furniture,Table & Storage,Dresser
Décor and Furniture,Table & Storage,Drawer
Décor and Furniture,Table & Storage,Wardrobe
Décor and Furniture,Table & Storage,Nightstand
Décor and Furniture,Table & Storage,Makeup Vanity
Décor and Furniture,Table & Storage,Bookcases
Décor and Furniture,Table & Storage,File Cabinet
Décor and Furniture,Table & Storage,Dining Table
Décor and Furniture,Table & Storage,Kitchen Table
Décor and Furniture,Table & Storage,Desk
Décor and Furniture,Table & Storage,Entryway Table
Décor and Furniture,Table & Storage,TV Stand
Décor and Furniture,Table & Storage,Display Cabinet
Décor and Furniture,Set,Living Room Set
Décor and Furniture,Set,Dining Room Set
Décor and Furniture,Set,Bedroom Set
Décor and Furniture,Set,Office Furniture Set
Décor and Furniture,Set,Kids Furniture Set
Décor and Furniture,Set,Bar Set
Décor and Furniture,Rug & Mat,Area Rug
Décor and Furniture,Rug & Mat,8 X 10 Rug
Décor and Furniture,Rug & Mat,5 X 8 Rug
Décor and Furniture,Rug & Mat,4 X 6 Rug
Décor and Furniture,Rug & Mat,Outdoor Rug
Décor and Furniture,Rug & Mat,Kitchen Rug & Mat
Décor and Furniture,Rug & Mat,Bath Rug & Mat
Décor and Furniture,Rug & Mat,Door Mat
Heating and Cooling,Air Conditioning ,Chiller
Heating and Cooling,Air Conditioning ,Vrv
Heating and Cooling,Air Conditioning ,Ac
Heating and Cooling,Air Conditioning ,Fan
Heating and Cooling,Air Conditioning ,Industrial Exhaust Fan
Heating and Cooling,Air Conditioning ,Industrial Fresher Fan
Heating and Cooling,Air Conditioning ,Cooler
Heating and Cooling,Air Conditioning ,Air Quality 
Heating and Cooling,Air Conditioning ,Humidifier
Heating and Cooling,Air Conditioning ,Dehumidifier
Heating and Cooling,Heating,Heat Pump
Heating and Cooling,Heating,Geyser
Heating and Cooling,Heating,Heater
Heating and Cooling,Material for Fitting,Copper Pipe
Heating and Cooling,Material for Fitting,Flexible Pipe
Heating and Cooling,Material for Fitting,Copper Fitting
Heating and Cooling,Material for Fitting,Air Filter
Heating and Cooling,Material for Fitting,Thermostate
Heating and Cooling,Material for Fitting,Duct Tap
Heating and Cooling,Material for Fitting,Clamp
Heating and Cooling,Material for Fitting,Refrigerant 
Outdoor Living,Patio Furniture,Lounge 
Outdoor Living,Patio Furniture,Dining
Outdoor Living,Patio Furniture,Chair
Outdoor Living,Patio Furniture,Cushion
Outdoor Living,Patio Furniture,Umbrella
Outdoor Living,Patio Furniture,Table
Outdoor Living,Patio Furniture,Pillow & Rug
Outdoor Living,Patio Furniture,Hammock
Outdoor Living,Patio Furniture,Bar 
Outdoor Living,Patio Furniture,Cover
Outdoor Living,Patio Furniture,Swing
Outdoor Living,Patio Furniture,Bench
Outdoor Living,Equipment,Lawn Mower
Outdoor Living,Equipment,Riding Mower
Outdoor Living,Equipment,Generator
Outdoor Living,Equipment,Pressure Washer
Outdoor Living,Equipment,Leaf Blower
Outdoor Living,Equipment,Cooler
Outdoor Living,Equipment,Heater
Outdoor Living,Landscaping,Edger
Outdoor Living,Landscaping,Rock
Outdoor Living,Landscaping,Mulch
Outdoor Living,Landscaping,Paver
Outdoor Living,Landscaping,Wall Block
Outdoor Living,Landscaping,Stepping Stone
Outdoor Living,Landscaping,Soil
Outdoor Living,Landscaping,Fire Pit
Outdoor Living,Landscaping,Artificial Grass/ Turf
Outdoor Living,Décor,Fountain
Outdoor Living,Décor,Flag
Outdoor Living,Décor,Statue
Outdoor Living,Décor,Bird Bath
Outdoor Living,Décor,Wall Décor
Outdoor Living,Décor,Garden Décor
Outdoor Living,Décor,Wind Catcher
Outdoor Living,Décor,Trellis
Outdoor Living,Décor,Bird House
Outdoor Living,Décor,Bird Feeder
Outdoor Living,Pot & Plant,Planter
Outdoor Living,Pot & Plant,Planter Barrel
Outdoor Living,Pot & Plant,Hanging Basket
Outdoor Living,Pot & Plant,Window Box
Outdoor Living,Pot & Plant,Nursery Pot
Outdoor Living,Pot & Plant,Planter Urn
Outdoor Living,Pot & Plant,Railing Planter
Outdoor Living,Fencing,Wood Fencing
Outdoor Living,Fencing,Vinyl Fencing
Outdoor Living,Fencing,Chain Link Fencing
Outdoor Living,Fencing,Grill
Outdoor Living,Shed & Gazebo,Deck Box
Outdoor Living,Shed & Gazebo,Pergola
Outdoor Living,Shed & Gazebo,Gazebo
Outdoor Living,Shed & Gazebo,Carport & Garage
Outdoor Living,Shed & Gazebo,Greenhouse
Outdoor Living,Shed & Gazebo,Storage Shed
Outdoor Living,Grill,Gas Grill
Outdoor Living,Grill,Charcoal Grill
Outdoor Living,Grill,Pellet Grill
Outdoor Living,Grill,Smoker
Outdoor Living,Grill,Portable Grill
Outdoor Living,Grill,Flat Top Grill
Outdoor Living,Grill,Smart Grill
Outdoor Living,Grill,Charcoal
Outdoor Living,Grill,Grill Accessory
Outdoor Living,Grill,Fryer
Outdoor Living,Grill,Cooking
Outdoor Living,Pool,Large Pool
Outdoor Living,Pool,Small Pool
Outdoor Living,Pool,Above Ground Pool
Outdoor Living,Pool,Pool Supply
Outdoor Living,Pool,Pool Chemical
Outdoor Living,Pool,Pool Filter
Outdoor Living,Pool,Pool Pump
Outdoor Living,Pool,Pool Cover
Outdoor Living,Pool,Pool Heater
Outdoor Living,Pool,Pool Cleaner
Outdoor Living,Pool,Pool Light
Automation and Security,Home Automation,Smart Appliance
Automation and Security,Home Automation,Smart Door Lock
Automation and Security,Home Automation,Smart Doorbell
Automation and Security,Home Automation,Smart Light Bulb
Automation and Security,Home Automation,Smart Light Switch
Automation and Security,Home Automation,Smart Light
Automation and Security,Home Automation,Smart Outlet
Automation and Security,Home Automation,Smart Plug
Automation and Security,Home Automation,Smart Smoke Detector
Automation and Security,Home Automation,Smart Thermostat
Automation and Security,Security,Security Camera
Automation and Security,Security,Barrier
Automation and Security,Security,Digital Lock
Automation and Security,Security,Safe Lock
Automation and Security,Security,Video Door Phone
Storage & Organisation,Cabinet & Cupboard,Living Room Storage System
Storage & Organisation,Cabinet & Cupboard,Sideboards & Buffets
Storage & Organisation,Cabinet & Cupboard,Display Cabinets
Storage & Organisation,Cabinet & Cupboard,Cabinets
Storage & Organisation,Cabinet & Cupboard,Storage Units And Cabinets
Storage & Organisation,TV & Media Furniture,Tv & Media Storage
Storage & Organisation,TV & Media Furniture,Tv Benches
Storage & Organisation,Chest of Drawer & Drawer Unit,Chests Of Drawers
Storage & Organisation,Chest of Drawer & Drawer Unit,Drawer Units
Storage & Organisation,Chest of Drawer & Drawer Unit,Bedside Tables
Storage & Organisation,Chest of Drawer & Drawer Unit,Children'S Chests Of Drawers
Storage & Organisation,Chest of Drawer & Drawer Unit,Basket Drawer Units
Storage & Organisation,Wardrobe,Fitted Wardrobe
Storage & Organisation,Wardrobe,Hinged Wardrobe
Storage & Organisation,Wardrobe,Sliding Wardrobe
Storage & Organisation,Wardrobe,Open Wardrobe
Storage & Organisation,Wardrobe,Hallway Wardrobe 
Storage & Organisation,Wardrobe,Hallway Wardrobe
Storage & Organisation,Wardrobe,Children's Wardrobe
Storage & Organisation,Wardrobe,Mirrored Wardrobe
Storage & Organisation,Wardrobe,Solitaire Wardrobe
Storage & Organisation,Wardrobe,Walk-In Wardrobe
Storage & Organisation,Wardrobe,Corner Wardrobe
Storage & Organisation,Wardrobe,Wardrobe Shelving
Storage & Organisation,Wardrobe,Wardrobe Lighting
Storage & Organisation,Small Storage & Organiser,Storage Boxes & Baskets
Storage & Organisation,Small Storage & Organiser,Paper & Media Organisers
Storage & Organisation,Small Storage & Organiser,Food Storage & Organising
Storage & Organisation,Small Storage & Organiser,Clothes Organisers
Storage & Organisation,Small Storage & Organiser,Bathroom Accessories
Storage & Organisation,Small Storage & Organiser,Waste Bins & Bags
Storage & Organisation,Small Storage & Organiser,Hooks & Hangers
Storage & Organisation,Small Storage & Organiser,Cable Management & Accessories
Storage & Organisation,Small Storage & Organiser,Desk Accessories
Storage & Organisation,Small Storage & Organiser,Under Bed Storage
Storage & Organisation,"Sideboard, Buffet & Console Table",Sideboards & Buffets
Storage & Organisation,"Sideboard, Buffet & Console Table",Console Tables
Storage & Organisation,Hook & Wall Organisation,Wall Shelves
Storage & Organisation,Hook & Wall Organisation,Hooks
Storage & Organisation,Hook & Wall Organisation,Wall Storage
Storage & Organisation,Hook & Wall Organisation,Children's Hooks & Wall Organisation
Storage & Organisation,Cloth Stand & Shoe Rack,Shoe Cabinets
Storage & Organisation,Cloth Stand & Shoe Rack,Racks & Stands
Storage & Organisation,Cloth Stand & Shoe Rack,"Shoe, Coat & Hat Racks"
Storage & Organisation,Cloth Stand & Shoe Rack,Coat Racks
Storage & Organisation,Cloth Stand & Shoe Rack,Coat Stands
Storage & Organisation,Trolley,Kitchen Islands & Trolleys
Storage & Organisation,Trolley,Bathroom Trolleys
Storage & Organisation,Bag,Shopping Bags & Tote Bags
Storage & Organisation,Bag,Backpacks & Messenger Bags
Storage & Organisation,Bag,Travel Accessories
Storage & Organisation,Bag,Bag Organisers
Storage & Organisation,Bag,Travel Bags
Storage & Organisation,Moving Supply,
Storage & Organisation,Wall Shelf,Floating Shelves
Storage & Organisation,Wall Shelf,Complete Wall Shelves
Storage & Organisation,Wall Shelf,Boaxel System
Storage & Organisation,Wall Shelf,Shelves
Storage & Organisation,Wall Shelf,Brackets
Storage & Organisation,Wall Shelf,Picture Ledges
Storage & Organisation,Bookcase & Shelving Unit,
Power & Hand Tool,Power Tool,Angle Grinder 
Power & Hand Tool,Power Tool,Bandsaw 
Power & Hand Tool,Power Tool,Chain Saw 
Power & Hand Tool,Power Tool,Circular Saw 
Power & Hand Tool,Power Tool,Drills 
Power & Hand Tool,Power Tool,Electric Screwdriver 
Power & Hand Tool,Power Tool,Heat Gun 
Power & Hand Tool,Power Tool,Jigsaw 
Power & Hand Tool,Power Tool,Mitre Saw 
Power & Hand Tool,Power Tool,Nail Gun 
Power & Hand Tool,Power Tool,Orbital Sander 
Power & Hand Tool,Power Tool,Planer Machine 
Power & Hand Tool,Power Tool,Reciprocating Saw 
Power & Hand Tool,Power Tool,Table Saw 
Power & Hand Tool,Hand Tool,Wrench
Power & Hand Tool,Hand Tool,Hex Key
Power & Hand Tool,Hand Tool,Multi-purpose Toolkit
Power & Hand Tool,Hand Tool,Pipe Wrench
Power & Hand Tool,Hand Tool,Socket Wrench Set
Power & Hand Tool,Hand Tool,T-Type Handle Socket Wrench
Power & Hand Tool,Hand Tool,Tool box
Power & Hand Tool,Hand Tool,Twist drill Bit
Power & Hand Tool,Hand Tool,Cutters 
Power & Hand Tool,Hand Tool,Pliers 
Power & Hand Tool,Hand Tool,Screwdriver 
Power & Hand Tool,Hand Tool,Spanners & Wrenches
"Safety Product
",Safety Personal Equipment ,DISPOSABLE WORKWEAR 
"Safety Product
",Safety Personal Equipment ,EARMUFFS 
"Safety Product
",Safety Personal Equipment ,FACE MASK 
"Safety Product
",Safety Personal Equipment ,FACE SHIELD 
"Safety Product
",Safety Personal Equipment ,HAND SANITIZER 
"Safety Product
",Safety Personal Equipment ,PPE SUIT 
"Safety Product
",Safety Personal Equipment ,RESPIRATOR MASK 
"Safety Product
",Safety Personal Equipment ,SAFETY EARPLUGS 
"Safety Product
",Safety Personal Equipment ,SAFETY GLOVES 
"Safety Product
",Safety Personal Equipment ,SAFETY GOGGLES 
"Safety Product
",Safety Personal Equipment ,SAFETY HELMETS 
"Safety Product
",Safety Personal Equipment ,SAFETY JACKETS 
"Safety Product
",Safety Personal Equipment ,SAFETY SHOES 
"Safety Product
",Safety Equipment ,Safety harness
"Safety Product
",Safety Equipment ,Safety Cones
"Safety Product
",Safety Equipment ,Safety Zone
"Safety Product
",Safety Equipment ,Safety Chain
"Safety Product
",Safety Paint,Safety Yellow
"Safety Product
",Safety Paint,Safety Red Paint 
"Safety Product
",Fire safety Equipment ,Fire Alarm Control Panel
"Safety Product
",Fire safety Equipment ,Fire Extinguishers
"Safety Product
",Fire safety Equipment ,Fire Hydrant System
"Safety Product
",Fire safety Equipment ,Fire Hose Reel
"Safety Product
",Surveillance Systems ,CCTV Cameras
"Safety Product
",Surveillance Systems ,Digital Video Recorder_ DVR
"Safety Product
",Surveillance Systems ,Monitored Alarm
Cladding and Façade,Interior Wall Cladding,Aluminium Composite Panel/ ACP
Cladding and Façade,Interior Wall Cladding,High Pressure Laminate/ HPL
Cladding and Façade,Interior Wall Cladding,Fibre Cement/ FRC/ GRC
Cladding and Façade,Interior Wall Cladding,Marble Cladding
Cladding and Façade,Interior Wall Cladding,Stone Cladding
Cladding and Façade,Interior Wall Cladding,Stone Panel
Cladding and Façade,Interior Wall Cladding,Artificial Stone Cladding
Cladding and Façade,Interior Wall Cladding,WPC Wall Panel
Cladding and Façade,Interior Wall Cladding,PVC Wall Panel
Cladding and Façade,Interior Wall Cladding,Tiles
Cladding and Façade,Interior Wall Cladding,3D Wall Panel
Cladding and Façade,Interior Wall Cladding,Zinc Composite Panel
Cladding and Façade,Interior Wall Cladding,Wooden Cladding
Cladding and Façade,Interior Wall Cladding,Metal Cladding
Cladding and Façade,Interior Wall Cladding,Glass Cladding
Cladding and Façade,Interior Wall Cladding,Terracotta Cladding
Cladding and Façade,Interior Wall Cladding,Aluminium Cladding
Cladding and Façade,Interior Wall Cladding,Vitrified Tile
Cladding and Façade,Exterior Wall Cladding,Aluminium Composite Panel/ ACP
Cladding and Façade,Exterior Wall Cladding,High Pressure Laminate/ HPL
Cladding and Façade,Exterior Wall Cladding,Fibre Cement/ FRC/ GRC
Cladding and Façade,Exterior Wall Cladding,Marble Cladding
Cladding and Façade,Exterior Wall Cladding,Stone Cladding
Cladding and Façade,Exterior Wall Cladding,Stone Panel
Cladding and Façade,Exterior Wall Cladding,Artificial Stone Cladding
Cladding and Façade,Exterior Wall Cladding,WPC Wall Panel
Cladding and Façade,Exterior Wall Cladding,PVC Wall Panel
Cladding and Façade,Exterior Wall Cladding,Tiles
Cladding and Façade,Exterior Wall Cladding,3D Wall Panel
Cladding and Façade,Exterior Wall Cladding,Zinc Composite Panel
Cladding and Façade,Exterior Wall Cladding,Wooden Cladding
Cladding and Façade,Exterior Wall Cladding,Metal Cladding
Cladding and Façade,Exterior Wall Cladding,Glass Cladding
Cladding and Façade,Exterior Wall Cladding,Terracotta Cladding
Cladding and Façade,Exterior Wall Cladding,Aluminium Cladding
Cladding and Façade,Exterior Wall Cladding,Vitrified Tile
Cladding and Façade,Façade System,Curtain Wall
Cladding and Façade,Façade System,Structural Glazing System
Cladding and Façade,Façade System,Façade Louver
Glass & Film,Façade Glass,Architectural Glass
Glass & Film,Façade Glass,Insulating Glass
Glass & Film,Façade Glass,Laminated Façade Glass
Glass & Film,Interior & Special Use Glass,Mirror Glass
Glass & Film,Interior & Special Use Glass,Decorative Glass
Glass & Film,Interior & Special Use Glass,Stained Glass
Glass & Film,Interior & Special Use Glass,Airbrush Glass
Glass & Film,Interior & Special Use Glass,Fire Proof Glass
Glass & Film,Interior & Special Use Glass,Frosted Glass
Glass & Film,Interior & Special Use Glass,Etched Glass
Glass & Film,Interior & Special Use Glass,Bend Glass
Glass & Film,Interior & Special Use Glass,Solar Glass
Glass & Film,General Use,Float Glass
Glass & Film,General Use,Tinted Glass
Glass & Film,General Use,Plain Glass
Glass & Film,General Use,Designer Patterned Glass
Glass & Film,General Use,Tempered & Toughend Glass
Glass & Film,General Use,Laminated Glass
"Adhesive, Sealant & Chemical",Adhesive,Engineers Blue Pastes
"Adhesive, Sealant & Chemical",Adhesive,Epoxy Adhesive
"Adhesive, Sealant & Chemical",Adhesive,Synthetic Gum
"Adhesive, Sealant & Chemical",Adhesive,Backer Rod
"Adhesive, Sealant & Chemical",Adhesive,Adhesive Strip
"Adhesive, Sealant & Chemical",Adhesive,Spray Adhesive 
"Adhesive, Sealant & Chemical",Adhesive,Stone Adhesive 
"Adhesive, Sealant & Chemical",Adhesive,Synthetic Resin Adhesive
"Adhesive, Sealant & Chemical",Adhesive,CPVC Solvent
"Adhesive, Sealant & Chemical",Adhesive,Heat Proof
"Adhesive, Sealant & Chemical",Adhesive,High Heat Resistant
"Adhesive, Sealant & Chemical",Adhesive,PVC Solvent
"Adhesive, Sealant & Chemical",Adhesive,Superior Water Resistant
"Adhesive, Sealant & Chemical",Adhesive,Synthetic Resin Adhesives
"Adhesive, Sealant & Chemical",Adhesive,Synthetic Rubber
"Adhesive, Sealant & Chemical",Adhesive,Tile Grout
"Adhesive, Sealant & Chemical",Adhesive,UPVC Solvent
"Adhesive, Sealant & Chemical",Adhesive,Waterproof
"Adhesive, Sealant & Chemical",Adhesive,Fevicol SH
"Adhesive, Sealant & Chemical",Adhesive,Fevicol PVC
"Adhesive, Sealant & Chemical",Sealant,Acetoxy Silicone Sealant
"Adhesive, Sealant & Chemical",Sealant,Acrylic Sealant
"Adhesive, Sealant & Chemical",Sealant,Bonding Sealant
"Adhesive, Sealant & Chemical",Sealant,Clear Gap Filling Sealant
"Adhesive, Sealant & Chemical",Sealant,Gap Filling Sealant
"Adhesive, Sealant & Chemical",Sealant,HVAC Duct Sealant
"Adhesive, Sealant & Chemical",Sealant,Hybrid Sealants
"Adhesive, Sealant & Chemical",Sealant,MS Polymer
"Adhesive, Sealant & Chemical",Sealant,Polysulphide Sealant
"Adhesive, Sealant & Chemical",Sealant,Primer
"Adhesive, Sealant & Chemical",Sealant,Silicone Sealant
"Adhesive, Sealant & Chemical",Waterproofing Chemical & Additative,CAcrylic
"Adhesive, Sealant & Chemical",Waterproofing Chemical & Additative,"Acrylic Based Polymer Coating, Bitumen Membrane"
"Adhesive, Sealant & Chemical",Waterproofing Chemical & Additative,Acrylic Emulsion Polymer
"Adhesive, Sealant & Chemical",Waterproofing Chemical & Additative,Bond Coat for Old & New Concrete
"Adhesive, Sealant & Chemical",Waterproofing Chemical & Additative,Cementous Coating for Wet Area Water Proofing
"Adhesive, Sealant & Chemical",Waterproofing Chemical & Additative,Chemical Waterproofing
"Adhesive, Sealant & Chemical",Waterproofing Chemical & Additative,Complementing the cement paste
"Adhesive, Sealant & Chemical",Waterproofing Chemical & Additative,Concrete Admixures
"Adhesive, Sealant & Chemical",Waterproofing Chemical & Additative,Corrosion Protection
"Adhesive, Sealant & Chemical",Waterproofing Chemical & Additative,Crack Filler
"Adhesive, Sealant & Chemical",Waterproofing Chemical & Additative,Crack Filling
"Adhesive, Sealant & Chemical",Waterproofing Chemical & Additative,Elastomeric Water Proofing Coating
"Adhesive, Sealant & Chemical",Waterproofing Chemical & Additative,Emulsified Thixotropic Bitumen Protective Coating
"Adhesive, Sealant & Chemical",Waterproofing Chemical & Additative,Liquid applied jointfree waterproofing membranes
"Adhesive, Sealant & Chemical",Waterproofing Chemical & Additative,Liquid Water Proofing Compound
"Adhesive, Sealant & Chemical",Waterproofing Chemical & Additative,Polymeric Waterproofing solution
"Adhesive, Sealant & Chemical",Waterproofing Chemical & Additative,Polyurethane Polymer
"Adhesive, Sealant & Chemical",Waterproofing Chemical & Additative,Powder Water Proofing admixture
"Adhesive, Sealant & Chemical",Waterproofing Chemical & Additative,Ready to Use Bonding Agent
"Adhesive, Sealant & Chemical",Waterproofing Chemical & Additative,Styrene Butadiene Latex
"Adhesive, Sealant & Chemical",Waterproofing Chemical & Additative,Tile Grout
"Adhesive, Sealant & Chemical",Waterproofing Chemical & Additative,Water Barrier to Concrete & Masonry Surface
"Adhesive, Sealant & Chemical",Waterproofing Chemical & Additative,Water Based Primer
"Adhesive, Sealant & Chemical",Waterproofing Chemical & Additative,Wood Adhesive
Solar Panel & Equipment,Solar electric System,Grid
Solar Panel & Equipment,Solar electric System,Hybrid 
Solar Panel & Equipment,Solar electric System,Off-grid
Solar Panel & Equipment,Solar Photovoltaic Panel ,Monocrystalline silicon
Solar Panel & Equipment,Solar Photovoltaic Panel ,Polycrystalline silicon
Solar Panel & Equipment,Solar Photovoltaic Panel ,Thin film
Solar Panel & Equipment,Solar Photovoltaic Panel ,Passivated emitter and rear contact- PERC
Solar Panel & Equipment,Solar Accessories ,Solar Structural Frames
Solar Panel & Equipment,Solar Accessories ,Solar Vacuum Tube
Solar Panel & Equipment,Solar Accessories ,Solar Cell 
Solar Panel & Equipment,Solar Hot water ,Evacuated Tube Collector-ETC
Solar Panel & Equipment,Solar Hot water ,Flat Plate Collector-FPC
Solar Panel & Equipment,Solar Equipment ,Solar Charge Controller
Solar Panel & Equipment,Solar Equipment ,Solar Inverter
Solar Panel & Equipment,Solar Equipment ,Solar Mobile Charger
Solar Panel & Equipment,Solar Equipment ,Solar PCU
Solar Panel & Equipment,Solar Equipment ,Solar Power Generator
Solar Panel & Equipment,Solar Equipment ,Solar Lights 
Solar Panel & Equipment,Solar Equipment ,Solar Garden Lights
Solar Panel & Equipment,Solar Equipment ,Solar Lantern
Solar Panel & Equipment,Solar Equipment ,Solar Lights
Solar Panel & Equipment,Solar Equipment ,Solar Street Light
Fabric & Unholstery,Curtain fabric,Sheer fabric
Fabric & Unholstery,Curtain fabric,Black out
Fabric & Unholstery,Curtain fabric,Bamboo fabric
Fabric & Unholstery,Curtain fabric,Synthetic mixes
Fabric & Unholstery,Sofa fabric,Residential upholstery fabric
Fabric & Unholstery,Sofa fabric,High abrasion fabric
Fabric & Unholstery,Sofa fabric,Stain proof fabric
Fabric & Unholstery,Sofa fabric,Leatherite
Fabric & Unholstery,Sofa fabric,Thows & highlighters
Fabric & Unholstery,Bedsheet & covers,Queen size
Fabric & Unholstery,Bedsheet & covers,King size
Fabric & Unholstery,Bedsheet & covers,Single bed
Fabric & Unholstery,Bedsheet & covers,cushion covers
Fabric & Unholstery,Bedsheet & covers,pillow covers
Fabric & Unholstery,Comforters,Quilt cover
Fabric & Unholstery,Comforters,blanket cover
Fabric & Unholstery,Comforters,Comforter cover
Fabric & Unholstery,Furniture foam,Memory foam
Fabric & Unholstery,Furniture foam,Resin foam
Fabric & Unholstery,Furniture foam,Memory foam pillow
Fabric & Unholstery,Furniture foam,synthetic foam
